emotion,video_link
Sad,https://www.youtube.com/watch?v=SBWYGGDYmhg
Sad,https://www.youtube.com/watch?v=ZGF6PEThAgE
Sad,https://www.youtube.com/watch?v=DmOzyyWv8nU
Sad,https://www.youtube.com/watch?v=EBgknXt8DmY
Sad,https://www.youtube.com/watch?v=Gv_XBMrPvRw
Sad,https://www.youtube.com/watch?v=vUCM_0evdQY
Sad,https://www.youtube.com/watch?v=q5SAjxSTimE
Sad,https://www.youtube.com/watch?v=eK0IIyBlYew
Sad,https://www.youtube.com/watch?v=EFqkHIMbhQg
Sad,https://www.youtube.com/watch?v=SYU4zsp8_fY
Sad,https://www.youtube.com/watch?v=HEa-e1zVv7M
Sad,https://www.youtube.com/watch?v=cYOB941gyXI
Sad,https://www.youtube.com/watch?v=TjLOYEx4oT0
Sad,https://www.youtube.com/watch?v=xmz_8VX12U8
Sad,https://www.youtube.com/watch?v=f3FFOBrMmdg
Sad,https://www.youtube.com/watch?v=oyaudgo5_8Y
Sad,https://www.youtube.com/watch?v=fSS_R91Nimw
Sad,https://www.youtube.com/watch?v=g0eO74UmRBs
Sad,https://www.youtube.com/watch?v=eQnXxlFR_DY
Sad,https://www.youtube.com/watch?v=vXuO3Yg6yKE
Sad,https://www.youtube.com/watch?v=HYUpNJJELeE
Sad,https://www.youtube.com/watch?v=tGs7iLem1cE
Sad,https://www.youtube.com/watch?v=e01g3pC4ZOo
Sad,https://www.youtube.com/watch?v=yJqcJE2RL8E
Sad,https://www.youtube.com/watch?v=8tuShv57GqM
Sad,https://www.youtube.com/watch?v=ypcZlp8sTks
Sad,https://www.youtube.com/watch?v=Ij3MThuCbu4
Sad,https://www.youtube.com/watch?v=8Q5d0P6x61k
Sad,https://www.youtube.com/watch?v=QmARzCvS0w8
Sad,https://www.youtube.com/watch?v=eD2S1UUL0s4
Sad,https://www.youtube.com/watch?v=z6S4mO1G6yA
Sad,https://www.youtube.com/watch?v=d_BjXQr1zkk
Sad,https://www.youtube.com/watch?v=ftJODeE_qg8
Sad,https://www.youtube.com/watch?v=HQJH-v14Yjw
Sad,https://www.youtube.com/watch?v=csYsvKMjyds
Sad,https://www.youtube.com/watch?v=1JZie6IbI0k
Sad,https://www.youtube.com/watch?v=uIc_C6QDFVM
Sad,https://www.youtube.com/watch?v=YQpAJ319Np4
Sad,https://www.youtube.com/watch?v=V7LwfY5U5WI
Sad,https://www.youtube.com/watch?v=310xH61YrJ8
Sad,https://www.youtube.com/watch?v=0qzsCkLm_Ro
Sad,https://www.youtube.com/watch?v=1poXN3jF3Bw
Sad,https://www.youtube.com/watch?v=5jO9K0rjbt0
Sad,https://www.youtube.com/watch?v=yRER73yLJ_4
Sad,https://www.youtube.com/watch?v=e20EFLNwHuQ
Sad,https://www.youtube.com/watch?v=vXuO3Yg6yKE
Sad,https://www.youtube.com/watch?v=Bj_xaltfmEU
Sad,https://www.youtube.com/watch?v=QXkJ_yR_G50
Sad,https://www.youtube.com/watch?v=G0Hx6uN2AJE
Sad,https://www.youtube.com/watch?v=8qs2dZO6wcc
Sad,https://www.youtube.com/watch?v=bqGtrvcR5ls
Sad,https://www.youtube.com/watch?v=pDtWeGp7KdI
Sad,https://www.youtube.com/watch?v=Na-d8a6zQbU
Sad,https://www.youtube.com/watch?v=ERg6bphJ5NM
Sad,https://www.youtube.com/watch?v=FpY6B-slnV8
Sad,https://www.youtube.com/watch?v=9WmO2caHvzk
Sad,https://www.youtube.com/watch?v=pvppSBtG68c
Sad,https://www.youtube.com/watch?v=fDc1X4hny84
Sad,https://www.youtube.com/watch?v=8KR0-PJm3fE
Sad,https://www.youtube.com/watch?v=qh4wEXST5SU
Sad,https://www.youtube.com/watch?v=WjjKlwt0UNk
Sad,https://www.youtube.com/watch?v=HeFM4VFZL1M
Sad,https://www.youtube.com/watch?v=UfzMaBw3zMo
Sad,https://www.youtube.com/watch?v=yHJf8MSPHk0
Sad,https://www.youtube.com/watch?v=sVRwZEkXepg
Sad,https://www.youtube.com/watch?v=ywk4puRqaEY
Sad,https://www.youtube.com/watch?v=HLGxI6WIHuI
Sad,https://www.youtube.com/watch?v=pGuc4hPhiKw
Sad,https://www.youtube.com/watch?v=8TGgNRbf7fA
Sad,https://www.youtube.com/watch?v=WkkLuQQ_IgY
Sad,https://www.youtube.com/watch?v=Aqz9Y3OnoOk
Sad,https://www.youtube.com/watch?v=BsD4UIpCRCE
Sad,https://www.youtube.com/watch?v=jpsTl6r-UEE
Sad,https://www.youtube.com/watch?v=H-TRCAS3ODU
Sad,https://www.youtube.com/watch?v=6QdFAyYVwSQ
Sad,https://www.youtube.com/watch?v=m-yU17KlXts
Sad,https://www.youtube.com/watch?v=jI7FFN4wW5E
Sad,https://www.youtube.com/watch?v=Br9tGO0uOW4
Sad,https://www.youtube.com/watch?v=yNoQFKMLEpo
Sad,https://www.youtube.com/watch?v=2SsbXS1IM6I
Sad,https://www.youtube.com/watch?v=nF4RAgy6Jkk
Sad,https://www.youtube.com/watch?v=5ImpRoxfeBU
Sad,https://www.youtube.com/watch?v=7fjaLJu4BrE
Sad,https://www.youtube.com/watch?v=NimeWI20gso
Sad,https://www.youtube.com/watch?v=P3689xipmxk
Sad,https://www.youtube.com/watch?v=nmTp_esz_Q8
Sad,https://www.youtube.com/watch?v=BIE84ZBrfKc
Sad,https://www.youtube.com/watch?v=wuWGPFBgM_g
Sad,https://www.youtube.com/watch?v=k8eiTgaXRN0
Sad,https://www.youtube.com/watch?v=q7l0AxOIJ40
Sad,https://www.youtube.com/watch?v=Hkf-fHeJhH4
Sad,https://www.youtube.com/watch?v=OKokxXXdna4
Sad,https://www.youtube.com/watch?v=jjvRb3bKEho
Sad,https://www.youtube.com/watch?v=UrDhGWi9hKw
Sad,https://www.youtube.com/watch?v=Do7ubB7-foo
Sad,https://www.youtube.com/watch?v=tqzxUvzNlUs
Sad,https://www.youtube.com/watch?v=U9kUs5AiUOM
Sad,https://www.youtube.com/watch?v=lxWVuc6l6ec
Sad,https://www.youtube.com/watch?v=nwRiWymlv_U
Sad,https://www.youtube.com/watch?v=i6fuIGIzaAs
Sad,https://www.youtube.com/watch?v=dovWTFlRIWs
Sad,https://www.youtube.com/watch?v=kRsYLmiowmQ
Sad,https://www.youtube.com/watch?v=ot3rnyMoPpQ
Sad,https://www.youtube.com/watch?v=vKDsAB1ccn0
Sad,https://www.youtube.com/watch?v=zFdi834FiZ4
Sad,https://www.youtube.com/watch?v=Hq49zJc_Ezw
Sad,https://www.youtube.com/watch?v=1Z_cClBsABE
Sad,https://www.youtube.com/watch?v=pfdhc26gpsM
Sad,https://www.youtube.com/watch?v=gBvwiYnzlhw
Sad,https://www.youtube.com/watch?v=EmMd682Q5DI
Sad,https://www.youtube.com/watch?v=4_jaUTEK0HM
Sad,https://www.youtube.com/watch?v=t2VaF0ZX65w
Sad,https://www.youtube.com/watch?v=rfiaZ-PX01o
Sad,https://www.youtube.com/watch?v=7z3YeFqd7xQ
Sad,https://www.youtube.com/watch?v=awqW_Ym91UA
Sad,https://www.youtube.com/watch?v=eCnS5zlWCEs
Sad,https://www.youtube.com/watch?v=STJZyH2inrQ
Sad,https://www.youtube.com/watch?v=rF6P-qgd3Po
Sad,https://www.youtube.com/watch?v=o6MPAXnCm4o
Sad,https://www.youtube.com/watch?v=lfMM08lsSu0
Sad,https://www.youtube.com/watch?v=GOzafXB1r50
Sad,https://www.youtube.com/watch?v=mAfdNgWfWKU
Sad,https://www.youtube.com/watch?v=vNPn5TFPUxo
Sad,https://www.youtube.com/watch?v=NSQLc55wSuk
Sad,https://www.youtube.com/watch?v=0WDHzONk9X4
Sad,https://www.youtube.com/watch?v=x0904xxL1lw
Sad,https://www.youtube.com/watch?v=hRrlP5uFhKo
Sad,https://www.youtube.com/watch?v=f7dd7aojpUY
Sad,https://www.youtube.com/watch?v=ziTHTlmPdhQ
Sad,https://www.youtube.com/watch?v=394qX2nRu2Y
Sad,https://www.youtube.com/watch?v=HXVO-SyVfng
Sad,https://www.youtube.com/watch?v=SR6aBJZv-io
Sad,https://www.youtube.com/watch?v=GEH3Aev0uME
Sad,https://www.youtube.com/watch?v=y2mw61MRCbo
Sad,https://www.youtube.com/watch?v=El7h3EVzL-g
Sad,https://www.youtube.com/watch?v=6k_0F-WtQUs
Sad,https://www.youtube.com/watch?v=3EfX3kAM1Ks
Sad,https://www.youtube.com/watch?v=Lhn0e7cDKS0
Sad,https://www.youtube.com/watch?v=659FhVHfB-g
Sad,https://www.youtube.com/watch?v=1RfmrmZ7Hig
Sad,https://www.youtube.com/watch?v=7Sxs96H4s-o
Sad,https://www.youtube.com/watch?v=74pvvZAE5_c
Sad,https://www.youtube.com/watch?v=V9ubInQ7-iI
Sad,https://www.youtube.com/watch?v=cd3LxkV6lFg
Sad,https://www.youtube.com/watch?v=xLbIJqKxNjQ
Sad,https://www.youtube.com/watch?v=uAbE8Te5f8c
Sad,https://www.youtube.com/watch?v=80ygnCWU0fk
Sad,https://www.youtube.com/watch?v=Vc_UxAS_HBs
Sad,https://www.youtube.com/watch?v=qxB3pV3-nV4
Sad,https://www.youtube.com/watch?v=nZwnIa26JUI
Sad,https://www.youtube.com/watch?v=tZ4-1QWVLC4
Happy,https://www.youtube.com/watch?v=HGO60mKPGtE
Happy,https://www.youtube.com/watch?v=-qNuOfCEcJ8
Happy,https://www.youtube.com/watch?v=18xtp6gV1Qo
Happy,https://www.youtube.com/watch?v=2pPVZnL-Mus
Happy,https://www.youtube.com/watch?v=79IqRv72sUs
Happy,https://www.youtube.com/watch?v=8HJf9AsDJ6Q
Happy,https://www.youtube.com/watch?v=B1vPH5GW0G0
Happy,https://www.youtube.com/watch?v=BISoBXON4vE
Happy,https://www.youtube.com/watch?v=IorZqi-s5fY
Happy,https://www.youtube.com/watch?v=J9t8oUJC_e8
Happy,https://www.youtube.com/watch?v=LATgSE8bNpo
Happy,https://www.youtube.com/watch?v=MUriKk2oZNQ
Happy,https://www.youtube.com/watch?v=ND7kv4yo3-k
Happy,https://www.youtube.com/watch?v=Qr92eYhYOr0
Happy,https://www.youtube.com/watch?v=T0y797_LogQ
Happy,https://www.youtube.com/watch?v=_DUZk896AIo
Happy,https://www.youtube.com/watch?v=bKcEpor1UIg
Happy,https://www.youtube.com/watch?v=dr9FMrkUb4Q
Happy,https://www.youtube.com/watch?v=eRaqKvD3lmE
Happy,https://www.youtube.com/watch?v=hPL4A2UMEsg
Happy,https://www.youtube.com/watch?v=i86pRV9P-yQ
Happy,https://www.youtube.com/watch?v=ktJ6fIvmq_E
Happy,https://www.youtube.com/watch?v=lDZHODUTceo
Happy,https://www.youtube.com/watch?v=oBT9qDNDNZ0
Happy,https://www.youtube.com/watch?v=p31Q2ebQMEk
Happy,https://www.youtube.com/watch?v=t9_i30btmW0
Happy,https://www.youtube.com/watch?v=u71yA8ce9l0
Happy,https://www.youtube.com/watch?v=yLsVJ_YEamY
Happy,https://www.youtube.com/watch?v=zQuKkFMKYAE
Angry,https://www.youtube.com/watch?v=jFGKJBPFdUA
Angry,https://www.youtube.com/watch?v=zLVZxHWL0ro
Angry,https://www.youtube.com/watch?v=xutBFUf3LoU
Angry,https://www.youtube.com/watch?v=p3HR9QDMj18
Angry,https://www.youtube.com/watch?v=nCD2hj6zJEc
Angry,https://www.youtube.com/watch?v=zxlR20V4NFQ
Angry,https://www.youtube.com/watch?v=NbyHNASFi6U
Angry,https://www.youtube.com/watch?v=sB-S5LBU1eA
Angry,https://www.youtube.com/watch?v=PqFMFVcCZgI
Angry,https://www.youtube.com/watch?v=uaCYeQ9FtSI
Angry,https://www.youtube.com/watch?v=x8F5dz8kv1w
Angry,https://www.youtube.com/watch?v=OljkSVLIt6c
Angry,https://www.youtube.com/watch?v=8LZgzAZ2lpQ
Angry,https://www.youtube.com/watch?v=9vkcYxbGdTE
Angry,https://www.youtube.com/watch?v=4KFVySixs_E
Angry,https://www.youtube.com/watch?v=R_ha0AMNUn0
Angry,https://www.youtube.com/watch?v=asYxxtiWUyw
Angry,https://www.youtube.com/watch?v=1YBl3Zbt80A
Angry,https://www.youtube.com/watch?v=xvYBg6MWPbM
Angry,https://www.youtube.com/watch?v=AYmy75tnmTU
Angry,https://www.youtube.com/watch?v=PIyf0hMc498
Angry,https://www.youtube.com/watch?v=eUhzDf9eRbM
Angry,https://www.youtube.com/watch?v=EEX_XM6SxmY
Angry,https://www.youtube.com/watch?v=FQS7i2z1CoA
Angry,https://www.youtube.com/watch?v=TvngY4unjn4
Angry,https://www.youtube.com/watch?v=IssysxAisfo
Angry,https://www.youtube.com/watch?v=LPYR9rwM2_M
Angry,https://www.youtube.com/watch?v=_c5B2I5k7KM
Angry,https://www.youtube.com/watch?v=y3jVRNi-V5M
Angry,https://www.youtube.com/watch?v=AKF2whlGnr4
Angry,https://www.youtube.com/watch?v=YfQ-3d5cFeo
Angry,https://www.youtube.com/watch?v=fFe0Q2U4rpw
Angry,https://www.youtube.com/watch?v=T8qZ-t6c49w
Angry,https://www.youtube.com/watch?v=ZCubHEHKkhk
Angry,https://www.youtube.com/watch?v=Ek-2VWEvQkQ
Angry,https://www.youtube.com/watch?v=cF2yqyiJACk
Angry,https://www.youtube.com/watch?v=p9DQINKZxWE
Angry,https://www.youtube.com/watch?v=3qKi29UR2g4
Angry,https://www.youtube.com/watch?v=RYqJ5w-GrfM
Angry,https://www.youtube.com/watch?v=RCgbE6eS-DU
Angry,https://www.youtube.com/watch?v=v4zQ_YJfSn8
Angry,https://www.youtube.com/watch?v=8DMF0U6xV78
Angry,https://www.youtube.com/watch?v=vLD0ltGhvrY
Angry,https://www.youtube.com/watch?v=ATf05n5LBHQ
Angry,https://www.youtube.com/watch?v=IjBAgWKW12Y
Angry,https://www.youtube.com/watch?v=bmyv0nRkDmc
Angry,https://www.youtube.com/watch?v=F1Ybj0DFirc
Angry,https://www.youtube.com/watch?v=lWdnDEBZ1Y8
Angry,https://www.youtube.com/watch?v=x9feF5rtMAc
Angry,https://www.youtube.com/watch?v=0gK1SHLtaOo
Angry,https://www.youtube.com/watch?v=ip1mGEifBu4
Angry,https://www.youtube.com/watch?v=KSnVzEee7QE
Angry,https://www.youtube.com/watch?v=Pvpmv1C7uqo
Angry,https://www.youtube.com/watch?v=dylzlPNDk7U
Angry,https://www.youtube.com/watch?v=4G5ScpHkuLA
Angry,https://www.youtube.com/watch?v=Zf2RGKYAc-0
Angry,https://www.youtube.com/watch?v=cZT4CBztzyk
Angry,https://www.youtube.com/watch?v=LtYONS9zw9M
Angry,https://www.youtube.com/watch?v=kN8769rGNKE
Angry,https://www.youtube.com/watch?v=T6rbWjEP06Q
Angry,https://www.youtube.com/watch?v=W98gcU4NuWQ
Angry,https://www.youtube.com/watch?v=4882Hi-TtHM
Angry,https://www.youtube.com/watch?v=2HNjMpxrK_k
Angry,https://www.youtube.com/watch?v=6KB5roLw8Ic
Angry,https://www.youtube.com/watch?v=g9C6IpYWJAU
Angry,https://www.youtube.com/watch?v=FsM8ftw94V4
Angry,https://www.youtube.com/watch?v=jRt_SqIMBgg
Fear,https://www.youtube.com/watch?v=paeiVkOyrQ0
Fear,https://www.youtube.com/watch?v=bZG4WkORQEY
Fear,https://www.youtube.com/watch?v=KXrujYbClRU
Fear,https://www.youtube.com/watch?v=S-polAFlVx8
Fear,https://www.youtube.com/watch?v=4R5fsdRoiZM
Fear,https://www.youtube.com/watch?v=jMycj2tuA0s
Fear,https://www.youtube.com/watch?v=oNdNShdDzyA
Fear,https://www.youtube.com/watch?v=H1N89nz5ieY
Fear,https://www.youtube.com/watch?v=6BB4CrS5RU8
Fear,https://www.youtube.com/watch?v=C7QvEpsnrtY
Fear,https://www.youtube.com/watch?v=bI_tP5pXmrk
Fear,https://www.youtube.com/watch?v=UAD-paiG9J4
Fear,https://www.youtube.com/watch?v=GgOfRsJuhL0
Fear,https://www.youtube.com/watch?v=0vXmehsfHhc
Fear,https://www.youtube.com/watch?v=6canh9eoxMo
Fear,https://www.youtube.com/watch?v=aDGzF0ygAWc
Fear,https://www.youtube.com/watch?v=Vd0eUnHDVJw
Fear,https://www.youtube.com/watch?v=1W8bmoK3ynQ
Fear,https://www.youtube.com/watch?v=UnP6xvALhC0
Fear,https://www.youtube.com/watch?v=OxeVWswquy8
Fear,https://www.youtube.com/watch?v=ld6KDemah_M
Fear,https://www.youtube.com/watch?v=0xz-VExojwI
Fear,https://www.youtube.com/watch?v=tdz-IRiQamA
Fear,https://www.youtube.com/watch?v=zOPYyq9RJr0
Fear,https://www.youtube.com/watch?v=eWC8NjS92-o
Fear,https://www.youtube.com/watch?v=gacoxPhDrJ0
Fear,https://www.youtube.com/watch?v=6RPYddhseEw
Fear,https://www.youtube.com/watch?v=6c5bZBeajWQ
Fear,https://www.youtube.com/watch?v=r3sGRcBOBJI
Fear,https://www.youtube.com/watch?v=lI3tyyizr2Y
Fear,https://www.youtube.com/watch?v=9qTiskKjr2A
Fear,https://www.youtube.com/watch?v=Sa-GQt6N2AU
Fear,https://www.youtube.com/watch?v=xx0TMwsSTVs
Fear,https://www.youtube.com/watch?v=kQfLKR3SX4I
Fear,https://www.youtube.com/watch?v=cWXjDb1tewo
Fear,https://www.youtube.com/watch?v=X4N5n70woR4
Fear,https://www.youtube.com/watch?v=g4Ixlfmc7dM
Fear,https://www.youtube.com/watch?v=mpB96wtmmgs
Fear,https://www.youtube.com/watch?v=I6MXazkYwW4
Fear,https://www.youtube.com/watch?v=AfusWGrw1GU
Fear,https://www.youtube.com/watch?v=m7sgXbvkvhY
Fear,https://www.youtube.com/watch?v=F3UgW8Jq_uA
Fear,https://www.youtube.com/watch?v=A7yrPYXPlIE
Fear,https://www.youtube.com/watch?v=zrurB6O5bf4
Fear,https://www.youtube.com/watch?v=M-TWGH6bLD8
Fear,https://www.youtube.com/watch?v=HNy4RkwCHTQ
Fear,https://www.youtube.com/watch?v=l_Gc0fJqP9Y
Fear,https://www.youtube.com/watch?v=IwU9XCdh49U
Fear,https://www.youtube.com/watch?v=o7MR9YGNucI
Fear,https://www.youtube.com/watch?v=-ltge9grJrE
Fear,https://www.youtube.com/watch?v=ndg9JmLbBdA
Fear,https://www.youtube.com/watch?v=EmST878gWwY
Fear,https://www.youtube.com/watch?v=lDD-9Nxfxls
Fear,https://www.youtube.com/watch?v=dHGxtGSnM7Q
Fear,https://www.youtube.com/watch?v=myJd9Hq_E7k
Fear,https://www.youtube.com/watch?v=59cIHG74sHs
Fear,https://www.youtube.com/watch?v=ijDPCMo6OkM
Fear,https://www.youtube.com/watch?v=isbfKLFurA8
Fear,https://www.youtube.com/watch?v=mifyiNbIwOI
Fear,https://www.youtube.com/watch?v=dooJa1ZudJQ
Fear,https://www.youtube.com/watch?v=xHfKvrDSoEE
Fear,https://www.youtube.com/watch?v=-fQXZC1STac
Fear,https://www.youtube.com/watch?v=BkngN4qYQbQ
Fear,https://www.youtube.com/watch?v=gahfqr3JFD4
Fear,https://www.youtube.com/watch?v=pLXUpqmFJ68
Fear,https://www.youtube.com/watch?v=FEu6bU233FM
Fear,https://www.youtube.com/watch?v=K_p412Fpymc
Fear,https://www.youtube.com/watch?v=Tvlzu4gRtmg
Fear,https://www.youtube.com/watch?v=XyTyDxzjl98
Fear,https://www.youtube.com/watch?v=534oezh0sQk
Fear,https://www.youtube.com/watch?v=j0SJmj03DpI
Fear,https://www.youtube.com/watch?v=T-nncBu82mM
Fear,https://www.youtube.com/watch?v=ZJaIM0sIlnQ
Fear,https://www.youtube.com/watch?v=ttbW_qcMK4o
Fear,https://www.youtube.com/watch?v=QAgmJGdndFc
Fear,https://www.youtube.com/watch?v=YmTFLU1au7g
Fear,https://www.youtube.com/watch?v=z2-eF_B2qNY
Fear,https://www.youtube.com/watch?v=xf137BCBq1k
Fear,https://www.youtube.com/watch?v=KzJNq-RiY1U
Fear,https://www.youtube.com/watch?v=WDlV6TZvnpo
Fear,https://www.youtube.com/watch?v=izkGeoVqc8w
Fear,https://www.youtube.com/watch?v=bXl05GH_jn0
Fear,https://www.youtube.com/watch?v=SXi7yOp9CM4
Fear,https://www.youtube.com/watch?v=CKMGgleFfBo
Fear,https://www.youtube.com/watch?v=UI0OAKJIeCU
Fear,https://www.youtube.com/watch?v=YYygw0E3bqY
Fear,https://www.youtube.com/watch?v=VUrgd9l83OM
Fear,https://www.youtube.com/watch?v=MV5qYgi2Smo
Fear,https://www.youtube.com/watch?v=uTsDZeVnfa4
Fear,https://www.youtube.com/watch?v=peLNn0immvM
Fear,https://www.youtube.com/watch?v=N6UN14wmOvc
Fear,https://www.youtube.com/watch?v=txQxTYvSsJ4
Fear,https://www.youtube.com/watch?v=d9dz3mrhJkw
Fear,https://www.youtube.com/watch?v=oHJKRzKuSpI
Fear,https://www.youtube.com/watch?v=e2BL8jf3WtQ
Fear,https://www.youtube.com/watch?v=e5CwQTL4dIY
Fear,https://www.youtube.com/watch?v=xza5tbboKMc
Fear,https://www.youtube.com/watch?v=-n609vlGgBk
Fear,https://www.youtube.com/watch?v=5iQV1n1Xr2Q
Fear,https://www.youtube.com/watch?v=eyVQxEYE6Vk
Fear,https://www.youtube.com/watch?v=H7s_uRgE5rU
Fear,https://www.youtube.com/watch?v=gSYu5FH8W-I
Fear,https://www.youtube.com/watch?v=MRSc8IPKIek
Fear,https://www.youtube.com/watch?v=vlmNbA9_XhI
Fear,https://www.youtube.com/watch?v=o2GyUNicQfE
Fear,https://www.youtube.com/watch?v=VOpTk4ymji8
Fear,https://www.youtube.com/watch?v=w8fwOnvYVwI
Fear,https://www.youtube.com/watch?v=tBTrlD7EktA
Fear,https://www.youtube.com/watch?v=b_fSHYBKRa8
Fear,https://www.youtube.com/watch?v=ejo5BEKkTYE
Fear,https://www.youtube.com/watch?v=STmxyyB4_84
Fear,https://www.youtube.com/watch?v=Y3sF2uAmfYM
Fear,https://www.youtube.com/watch?v=wRNf9pEEt_s
Fear,https://www.youtube.com/watch?v=4PxoPdRFrBo
Fear,https://www.youtube.com/watch?v=Ce1KVYW_E4M
Fear,https://www.youtube.com/watch?v=57ogjiLgIRI
Fear,https://www.youtube.com/watch?v=rV7j_km6ICc
Fear,https://www.youtube.com/watch?v=F6QM3gkHn5E
Fear,https://www.youtube.com/watch?v=LuJqISzU4hs
Fear,https://www.youtube.com/watch?v=-yJHCuEhG5c
Fear,https://www.youtube.com/watch?v=00S6BlhOh64
Fear,https://www.youtube.com/watch?v=AY0RpO-rBHM
Fear,https://www.youtube.com/watch?v=xKABVd-_TxY
Fear,https://www.youtube.com/watch?v=L942OItZ_gg
Fear,https://www.youtube.com/watch?v=42MPFchb5pA
Fear,https://www.youtube.com/watch?v=H5zFGi9puZM
Fear,https://www.youtube.com/watch?v=nSQY3fXM0GQ
Fear,https://www.youtube.com/watch?v=oPvF_8HRUdA
Fear,https://www.youtube.com/watch?v=nWT57O-5SWE
Fear,https://www.youtube.com/watch?v=wyYyoY4CzQI
Fear,https://www.youtube.com/watch?v=EYm4vQ7fA1I
Fear,https://www.youtube.com/watch?v=o_dza45RWrg
Fear,https://www.youtube.com/watch?v=8HVcSPAWBrI
Fear,https://www.youtube.com/watch?v=HGiAKiz76YI
Fear,https://www.youtube.com/watch?v=BLWuNNRGL0Y
Fear,https://www.youtube.com/watch?v=9rhM9n5XT7k
Fear,https://www.youtube.com/watch?v=bhoWPek36iM
Fear,https://www.youtube.com/watch?v=wCS5aH8iDQs
Fear,https://www.youtube.com/watch?v=-q9NO-dzW2E
Fear,https://www.youtube.com/watch?v=qfdBKR1fj4A
Fear,https://www.youtube.com/watch?v=gBad0XNmGYg
Fear,https://www.youtube.com/watch?v=WXsScSi3pQ0
Fear,https://www.youtube.com/watch?v=Drh_RYnVCMk
Fear,https://www.youtube.com/watch?v=G9W_FAouGRA
Fear,https://www.youtube.com/watch?v=Xos_G3VFKHU
Fear,https://www.youtube.com/watch?v=OWz-Ns5pPvc
Fear,https://www.youtube.com/watch?v=RGPmxpVhujE
Fear,https://www.youtube.com/watch?v=wL5PTIIX1Gc
Fear,https://www.youtube.com/watch?v=g_yYvoFB7Wg
Fear,https://www.youtube.com/watch?v=cS4ewc0dK20
Fear,https://www.youtube.com/watch?v=JZ8uBs4jybE
Fear,https://www.youtube.com/watch?v=j1G_2w2p_JU
Fear,https://www.youtube.com/watch?v=by5YJy6mEP0
Fear,https://www.youtube.com/watch?v=cC3_HE7XaEc
Fear,https://www.youtube.com/watch?v=NKhJyyWgXGw
Fear,https://www.youtube.com/watch?v=iFjTADbRXO8
Fear,https://www.youtube.com/watch?v=hntri2Hdx7I
Fear,https://www.youtube.com/watch?v=RmGznCirtyY
Fear,https://www.youtube.com/watch?v=Iryc8XNIjOU
Fear,https://www.youtube.com/watch?v=z47QnMCiREc
Fear,https://www.youtube.com/watch?v=3qQ4Muk9GLk
Fear,https://www.youtube.com/watch?v=MCueHEwdpls
Fear,https://www.youtube.com/watch?v=ZkW_QU-p4z4
Fear,https://www.youtube.com/watch?v=kvXY3nPzugw
Fear,https://www.youtube.com/watch?v=J7y33Yun2VM
Fear,https://www.youtube.com/watch?v=G6NHQnTCjV0
Fear,https://www.youtube.com/watch?v=GiDTwDT6qyw
Fear,https://www.youtube.com/watch?v=UbSYYYKNaJQ
Fear,https://www.youtube.com/watch?v=hSmD4gDVP-k
Fear,https://www.youtube.com/watch?v=oFH4dtrJ8fQ
Fear,https://www.youtube.com/watch?v=oxwN4P2BluU
Fear,https://www.youtube.com/watch?v=PEgY6KtQ2Hk
Fear,https://www.youtube.com/watch?v=Ddz-ae67Z4A
Fear,https://www.youtube.com/watch?v=RqEJmT0QtkE
Fear,https://www.youtube.com/watch?v=67uglcEbKBY
Fear,https://www.youtube.com/watch?v=lZxRTADNxsk
Fear,https://www.youtube.com/watch?v=RPKpW1ZJF0k
Fear,https://www.youtube.com/watch?v=uD2790VctOI
Fear,https://www.youtube.com/watch?v=0QfHcfuPC0A
Fear,https://www.youtube.com/watch?v=cmMjVfLRDbM
Fear,https://www.youtube.com/watch?v=-dCcPb2FqMQ
Fear,https://www.youtube.com/watch?v=K97hv9vC0BE
Fear,https://www.youtube.com/watch?v=Ln8zd9cgVSY
Fear,https://www.youtube.com/watch?v=5-Y-mDv_WW8
Fear,https://www.youtube.com/watch?v=dr2zdb2I1aM
Fear,https://www.youtube.com/watch?v=U0_g2CQD1pA
Fear,https://www.youtube.com/watch?v=UggDtthXIpk
Fear,https://www.youtube.com/watch?v=or3u9uERFKg
Fear,https://www.youtube.com/watch?v=ln8qPxMOoRk
Fear,https://www.youtube.com/watch?v=Qxeuvas4Alk
Fear,https://www.youtube.com/watch?v=lY--gXvYc_M
Fear,https://www.youtube.com/watch?v=Yz-vMJcLPoI
Fear,https://www.youtube.com/watch?v=UdOtY4JCY2I
Fear,https://www.youtube.com/watch?v=_kpxDocWfFE
Fear,https://www.youtube.com/watch?v=2OAw56u874Y
Fear,https://www.youtube.com/watch?v=RxBwgv-R_BE
Fear,https://www.youtube.com/watch?v=ChoH_hLwtE0
Fear,https://www.youtube.com/watch?v=sLiVPPk2_o8
Fear,https://www.youtube.com/watch?v=FuQNZIdWy44
Fear,https://www.youtube.com/watch?v=kMgi8amOfMw
Fear,https://www.youtube.com/watch?v=4eCJsnjdivo
Fear,https://www.youtube.com/watch?v=H5VY4uyAFNg
Fear,https://www.youtube.com/watch?v=fxd15eI0dCg
Fear,https://www.youtube.com/watch?v=vFGYLQFJr7w
Fear,https://www.youtube.com/watch?v=HTYX2jUIyRA
Fear,https://www.youtube.com/watch?v=Ss1fZySTx4k
Fear,https://www.youtube.com/watch?v=k5Pj57-BeI4
Fear,https://www.youtube.com/watch?v=VCjeJEnOxec
Fear,https://www.youtube.com/watch?v=j5Ga3TiUGJ8
Fear,https://www.youtube.com/watch?v=lc15wPZoLgk
Fear,https://www.youtube.com/watch?v=Xn4_jW91ASY
Fear,https://www.youtube.com/watch?v=Hn-b_CLa3Rg
Fear,https://www.youtube.com/watch?v=keDP9V2BHkg
Fear,https://www.youtube.com/watch?v=pgrDbFLhtiI
Fear,https://www.youtube.com/watch?v=n9S_SO81_Mk
Fear,https://www.youtube.com/watch?v=Yx9DlZ8cEPA
Fear,https://www.youtube.com/watch?v=ypReGvdnJFY
Fear,https://www.youtube.com/watch?v=PW7AKzS18yk
Fear,https://www.youtube.com/watch?v=Rk_Yqutf_3Y
Fear,https://www.youtube.com/watch?v=28yVQBmLxBA
Fear,https://www.youtube.com/watch?v=UVyULv7Zp0Q
Fear,https://www.youtube.com/watch?v=G2kNlNWtxPA
Fear,https://www.youtube.com/watch?v=CJEJwbBLWMo
Fear,https://www.youtube.com/watch?v=hBQxnzkXy4s
Fear,https://www.youtube.com/watch?v=UBjn5glYyLI
Fear,https://www.youtube.com/watch?v=UTM6BZ5KLyY
Fear,https://www.youtube.com/watch?v=XLyVTxnXUB4
Fear,https://www.youtube.com/watch?v=KUaOhmJKp10
Fear,https://www.youtube.com/watch?v=A_UGfa45KPg
Fear,https://www.youtube.com/watch?v=YMyx3PTTqho
Fear,https://www.youtube.com/watch?v=g6HgA95tD2I
Fear,https://www.youtube.com/watch?v=PqG-pkLtPEo
Fear,https://www.youtube.com/watch?v=fYZtTISSEJ8
Fear,https://www.youtube.com/watch?v=UbdBsLxKTTk
Fear,https://www.youtube.com/watch?v=oNT50Cca-As
Fear,https://www.youtube.com/watch?v=g-JXIxumzCk
Fear,https://www.youtube.com/watch?v=DHRvS_M_-JU
Fear,https://www.youtube.com/watch?v=OvmtIKHspJI
Fear,https://www.youtube.com/watch?v=tZCO2wl0WMM
Fear,https://www.youtube.com/watch?v=s9i8nmBHY_Y
Fear,https://www.youtube.com/watch?v=7SoNVwTxixM
Fear,https://www.youtube.com/watch?v=q47C6oSZn8g
Fear,https://www.youtube.com/watch?v=9hQ9XFJ4xH0
Fear,https://www.youtube.com/watch?v=L3oltCcI1W4
Fear,https://www.youtube.com/watch?v=aTxDwY9Rq3A
Fear,https://www.youtube.com/watch?v=xEPsMzpJ13c
Fear,https://www.youtube.com/watch?v=2vVLdkdFJ3I
Fear,https://www.youtube.com/watch?v=Knl31eaysuw
Fear,https://www.youtube.com/watch?v=nA07foD-Gcc
Fear,https://www.youtube.com/watch?v=ltPIXZ6wl9U
Fear,https://www.youtube.com/watch?v=LlhP64VrJfo
Fear,https://www.youtube.com/watch?v=_AXfFLF3I0k
Fear,https://www.youtube.com/watch?v=Wl67nyh2oFY
Fear,https://www.youtube.com/watch?v=IhNvINIcKMk
Fear,https://www.youtube.com/watch?v=Z7Aq93SBB_0
Fear,https://www.youtube.com/watch?v=8CywxC5hpxo
Fear,https://www.youtube.com/watch?v=Pu7w4ki8UFo
Fear,https://www.youtube.com/watch?v=HcywzFHyqsY
Fear,https://www.youtube.com/watch?v=VRa1mgveL0E
Fear,https://www.youtube.com/watch?v=iRszQea7FRw
Fear,https://www.youtube.com/watch?v=Bftuyt_Za8U
Fear,https://www.youtube.com/watch?v=PnoExSP3Nc4
Fear,https://www.youtube.com/watch?v=yECCfDl1mMI
Fear,https://www.youtube.com/watch?v=ViONelnLmCI
Fear,https://www.youtube.com/watch?v=0fn0jJ9Mtgw
Fear,https://www.youtube.com/watch?v=-u2P6lCCwpU
Fear,https://www.youtube.com/watch?v=Lzj8AyXNYLY
Fear,https://www.youtube.com/watch?v=NekeDTHnHTI
Fear,https://www.youtube.com/watch?v=eperVcxh0Y4
Fear,https://www.youtube.com/watch?v=wih2g3wk2eE
Fear,https://www.youtube.com/watch?v=923tO8adR1s
Fear,https://www.youtube.com/watch?v=myL4QF_Jckw
Fear,https://www.youtube.com/watch?v=JmXCr-azv0s
Fear,https://www.youtube.com/watch?v=g--gbC7r27Y
Fear,https://www.youtube.com/watch?v=BSvSH_qpKwE
Fear,https://www.youtube.com/watch?v=qOGAVmnX1oI
Fear,https://www.youtube.com/watch?v=S1ZgZD8cdC8
Fear,https://www.youtube.com/watch?v=Fal8SYli0Qw
Fear,https://www.youtube.com/watch?v=cVMa7EmVwl4
Fear,https://www.youtube.com/watch?v=TO6kAFgTb-Y
Fear,https://www.youtube.com/watch?v=PLAO5y-taqc
Fear,https://www.youtube.com/watch?v=FlRz6qQZfCc
Fear,https://www.youtube.com/watch?v=mLKMf1hIisU
Fear,https://www.youtube.com/watch?v=4v2iBjAMIVg
Fear,https://www.youtube.com/watch?v=v9HEiQ7vc70
Fear,https://www.youtube.com/watch?v=jb7Je-9h1JY
Fear,https://www.youtube.com/watch?v=pH5QVapHs0Y
Fear,https://www.youtube.com/watch?v=QRHFohUl2K8
Fear,https://www.youtube.com/watch?v=FlvdDfpC45M
Fear,https://www.youtube.com/watch?v=lD0e4t6mJIY
Fear,https://www.youtube.com/watch?v=ZPLpgHobfLI
Fear,https://www.youtube.com/watch?v=jnUIWZrLHBs
Fear,https://www.youtube.com/watch?v=JQag376cvZM
Fear,https://www.youtube.com/watch?v=pgVd4vRu9ZQ
Fear,https://www.youtube.com/watch?v=iRQF8hyGeCE
Fear,https://www.youtube.com/watch?v=ICT5oTkHPjg
Fear,https://www.youtube.com/watch?v=0k_0N1LEass
Fear,https://www.youtube.com/watch?v=xxOX-iwRXvI
Fear,https://www.youtube.com/watch?v=kjXhnf_1tBM
Fear,https://www.youtube.com/watch?v=QR_cHM42SwA
Fear,https://www.youtube.com/watch?v=zuuFvpuVPKA
Fear,https://www.youtube.com/watch?v=nLPsbz8pzVY
Fear,https://www.youtube.com/watch?v=bOiOdIdJmGY
Fear,https://www.youtube.com/watch?v=k-VtVie9tXQ
Fear,https://www.youtube.com/watch?v=Iu166LuP9cA
Fear,https://www.youtube.com/watch?v=qoFeCcU-IfM
Fear,https://www.youtube.com/watch?v=1iwbg1nboFI
Fear,https://www.youtube.com/watch?v=wLSJHRFxfdE
Fear,https://www.youtube.com/watch?v=0WRLzKEdWIg
Fear,https://www.youtube.com/watch?v=T5HbJ7cT7n8
Fear,https://www.youtube.com/watch?v=vxyM67kA62c
Fear,https://www.youtube.com/watch?v=mzcKMGoPDMI
Fear,https://www.youtube.com/watch?v=BLAp1GLc2Pc
Fear,https://www.youtube.com/watch?v=ZDa0Q8o5Frw
Fear,https://www.youtube.com/watch?v=4kmZe4ES91k
Fear,https://www.youtube.com/watch?v=wMWFjo7Yj9k
Fear,https://www.youtube.com/watch?v=_Q9yoIbWT5A
Fear,https://www.youtube.com/watch?v=08e_SRkKcgo
Fear,https://www.youtube.com/watch?v=B_6axOwoMfo
Fear,https://www.youtube.com/watch?v=FP2gnZeImoA
Fear,https://www.youtube.com/watch?v=iSZfvu6oKbI
Fear,https://www.youtube.com/watch?v=BlAY-BMXVnw
Fear,https://www.youtube.com/watch?v=I5bb9QIrlaw
Fear,https://www.youtube.com/watch?v=SWTWxgWvkig
Fear,https://www.youtube.com/watch?v=3t-DG5W7Aqk
Fear,https://www.youtube.com/watch?v=h4smmEUBrI8
Fear,https://www.youtube.com/watch?v=8N8dYYgIFNI
Fear,https://www.youtube.com/watch?v=zxn5XmoPw0E
Fear,https://www.youtube.com/watch?v=7-79uD6mL2I
Fear,https://www.youtube.com/watch?v=Z637S-CTht8
Fear,https://www.youtube.com/watch?v=2hGxvjioM3o
Fear,https://www.youtube.com/watch?v=vTezWvFZUOo
Fear,https://www.youtube.com/watch?v=D2twCJUox0s
Fear,https://www.youtube.com/watch?v=5gH0SQB_y6o
Fear,https://www.youtube.com/watch?v=RizWcaFr7mU
Fear,https://www.youtube.com/watch?v=Df_Br6IJ2ZI
Fear,https://www.youtube.com/watch?v=ioXc7o2aXqo
Fear,https://www.youtube.com/watch?v=BtIJ0oFuOOA
Fear,https://www.youtube.com/watch?v=FAYoKhWexoI
Fear,https://www.youtube.com/watch?v=ZoojRibTWMQ
Fear,https://www.youtube.com/watch?v=VM6fdIAgtu0
Fear,https://www.youtube.com/watch?v=fnZbHeNV51A
Fear,https://www.youtube.com/watch?v=-era8hpjhx0
Fear,https://www.youtube.com/watch?v=-_MZ7gf7JSo
Fear,https://www.youtube.com/watch?v=HTPqOBq76cg
Fear,https://www.youtube.com/watch?v=Hj6h_y6V1K8
Fear,https://www.youtube.com/watch?v=3pJ6_UceRGU
Fear,https://www.youtube.com/watch?v=33AqRtVPww8
Fear,https://www.youtube.com/watch?v=VUGMOf6wncM
Fear,https://www.youtube.com/watch?v=3jy3oRlBdvo
Fear,https://www.youtube.com/watch?v=8EZT98y1cxU
Fear,https://www.youtube.com/watch?v=wpDzi8oI4XA
Fear,https://www.youtube.com/watch?v=bW1wqf_D-zs
Fear,https://www.youtube.com/watch?v=TJgNibBpA50
Fear,https://www.youtube.com/watch?v=WSqK_C-G6UU
Fear,https://www.youtube.com/watch?v=Z_GxLEv86qQ
Fear,https://www.youtube.com/watch?v=WpGGgnhoAak
Fear,https://www.youtube.com/watch?v=9CBJOYw6NbA
Fear,https://www.youtube.com/watch?v=qnTWDIS1zVI
Fear,https://www.youtube.com/watch?v=y8FIdfQL9TQ
Fear,https://www.youtube.com/watch?v=tmPiocbv0jo
Fear,https://www.youtube.com/watch?v=n0K263EUvH0
Fear,https://www.youtube.com/watch?v=N_tbU7mhihg
Fear,https://www.youtube.com/watch?v=J4mMIZQuEHs
Fear,https://www.youtube.com/watch?v=RubsCTddRnQ
Fear,https://www.youtube.com/watch?v=4A8fC0Nh4tI
Fear,https://www.youtube.com/watch?v=AEOpNPhE_Mw
Fear,https://www.youtube.com/watch?v=ICRV-987zbw
Fear,https://www.youtube.com/watch?v=YQolPym5dpo
Fear,https://www.youtube.com/watch?v=lWVJQJmdhz0
Fear,https://www.youtube.com/watch?v=lsYESHjHuh0
Fear,https://www.youtube.com/watch?v=atUr08r_Eso
Fear,https://www.youtube.com/watch?v=gtuwRlXgafo
Fear,https://www.youtube.com/watch?v=N-OEck0qIuw
Fear,https://www.youtube.com/watch?v=7Dl-tW3ZtQc
Fear,https://www.youtube.com/watch?v=8RD8OY1GBNY
Fear,https://www.youtube.com/watch?v=VMJfjV45k1I
Fear,https://www.youtube.com/watch?v=KFU2OZ069CE
Fear,https://www.youtube.com/watch?v=HK6HVh_U4ok
Fear,https://www.youtube.com/watch?v=jEXt2eDWDDU
Fear,https://www.youtube.com/watch?v=pTJUDQDtf6U
Fear,https://www.youtube.com/watch?v=6fa18mYMh6A
Fear,https://www.youtube.com/watch?v=lsIhuwLM0xM
Fear,https://www.youtube.com/watch?v=kmbVqTTLbH4
Fear,https://www.youtube.com/watch?v=yrTT8IAD8xQ
Fear,https://www.youtube.com/watch?v=lUIrdL-gG7E
Fear,https://www.youtube.com/watch?v=ZKhWp23QD3Q
Fear,https://www.youtube.com/watch?v=OhuELXauH2Q
Fear,https://www.youtube.com/watch?v=5UEHSN7A-C4
Fear,https://www.youtube.com/watch?v=31dfy_gtrSc
Fear,https://www.youtube.com/watch?v=A9EAGRjkxME
Fear,https://www.youtube.com/watch?v=bm1xpvCkxzc
Fear,https://www.youtube.com/watch?v=EwitNOhL2Lg
Fear,https://www.youtube.com/watch?v=wZkZK_plNJE
Fear,https://www.youtube.com/watch?v=rTs_IOZclS4
Fear,https://www.youtube.com/watch?v=L5mG_EIsxp0
Fear,https://www.youtube.com/watch?v=jGbGc6pfeU0
Fear,https://www.youtube.com/watch?v=WuzTCUlAsR4
Fear,https://www.youtube.com/watch?v=OkYTNqWtsis
Fear,https://www.youtube.com/watch?v=o4qO4xLTaBQ
Fear,https://www.youtube.com/watch?v=XxahpBHNM3w
Fear,https://www.youtube.com/watch?v=CHMHBQyhfrs
Fear,https://www.youtube.com/watch?v=YYqxX0rwaQ4
Fear,https://www.youtube.com/watch?v=Y1eRBkG8plU
Fear,https://www.youtube.com/watch?v=qd_eWFAs6rg
Fear,https://www.youtube.com/watch?v=u6VOummMtbs
Fear,https://www.youtube.com/watch?v=WIcidlkwqFY
Fear,https://www.youtube.com/watch?v=ZQD3Y4U7u3U
Fear,https://www.youtube.com/watch?v=pOR0lJJ--S4
Fear,https://www.youtube.com/watch?v=M9vwUueqS1k
Fear,https://www.youtube.com/watch?v=_bO2ErvNiHA
Fear,https://www.youtube.com/watch?v=H8uQhythLY8
Fear,https://www.youtube.com/watch?v=qBtxmvgoZS4
Fear,https://www.youtube.com/watch?v=63E1bOBYX9o
Fear,https://www.youtube.com/watch?v=4dwZO5cv3Go
Fear,https://www.youtube.com/watch?v=KdOxzSCHmSA
Fear,https://www.youtube.com/watch?v=Z4N9xWuB4as
Fear,https://www.youtube.com/watch?v=j-t2-Cdkcuw
Fear,https://www.youtube.com/watch?v=J270ztX8CD0
Fear,https://www.youtube.com/watch?v=HYAi7KJ_u00
Fear,https://www.youtube.com/watch?v=6dsfr-W05Js
Fear,https://www.youtube.com/watch?v=Jv4tushbPTo
Fear,https://www.youtube.com/watch?v=CyBad1P5GRc
Fear,https://www.youtube.com/watch?v=LQBiit6OXRk
Fear,https://www.youtube.com/watch?v=p1_Lo5I6V-c
Fear,https://www.youtube.com/watch?v=ZfTEiZShllA
Fear,https://www.youtube.com/watch?v=-e-BtWLbNwA
Fear,https://www.youtube.com/watch?v=mPDrrqjgCio
Fear,https://www.youtube.com/watch?v=jIvNLHpALj0
Fear,https://www.youtube.com/watch?v=XpnUbRbDucM
Fear,https://www.youtube.com/watch?v=xuSogr1p908
Fear,https://www.youtube.com/watch?v=pEmUU8UE6PU
Fear,https://www.youtube.com/watch?v=960XpzrqmDQ
Fear,https://www.youtube.com/watch?v=j1oePVPD9nY
Fear,https://www.youtube.com/watch?v=SjbopH26pj8
Fear,https://www.youtube.com/watch?v=eBbeOGFzUa0
Fear,https://www.youtube.com/watch?v=a66EPMCNK2A
Fear,https://www.youtube.com/watch?v=aB2qfYuaZHw
Fear,https://www.youtube.com/watch?v=ZuiAwVeIkVw
Fear,https://www.youtube.com/watch?v=KXDprKLRmvQ
Fear,https://www.youtube.com/watch?v=Tx4cJRPOEoI
Fear,https://www.youtube.com/watch?v=ZrrjkCH6GPk
Fear,https://www.youtube.com/watch?v=Uh43pJVDTeQ
Fear,https://www.youtube.com/watch?v=v4RdW5l2r_E
Fear,https://www.youtube.com/watch?v=Poq8ifg0DUU
Fear,https://www.youtube.com/watch?v=hfoIbXhRTvs
Fear,https://www.youtube.com/watch?v=A8MIxlsZmB4
Fear,https://www.youtube.com/watch?v=ySMreiWDuVk
Fear,https://www.youtube.com/watch?v=nS4COI_n9_c
Fear,https://www.youtube.com/watch?v=EmEVqLIPDxw
Fear,https://www.youtube.com/watch?v=jNP6XBKsR3A
Fear,https://www.youtube.com/watch?v=QfcOA-YZ5JA
Fear,https://www.youtube.com/watch?v=aqDGJYi2RYM
Fear,https://www.youtube.com/watch?v=Kg7YNIwQTxA
Fear,https://www.youtube.com/watch?v=rCafbj1Sma4
Fear,https://www.youtube.com/watch?v=O4IZxpCU2K4
Fear,https://www.youtube.com/watch?v=e4sM1-U6Xdg
Fear,https://www.youtube.com/watch?v=7aMyiZc0i1s
Fear,https://www.youtube.com/watch?v=mVBdpOh0Dgo
Fear,https://www.youtube.com/watch?v=1YKkcoBxoxo
Fear,https://www.youtube.com/watch?v=Xu8I895yKf0
Fear,https://www.youtube.com/watch?v=_TBVOLuTHTI
Fear,https://www.youtube.com/watch?v=6ULv5ocwUUU
Fear,https://www.youtube.com/watch?v=w59A2PYfiO8
Fear,https://www.youtube.com/watch?v=rkDa5b_SvKk
Fear,https://www.youtube.com/watch?v=peHyIfIz4Nw
Fear,https://www.youtube.com/watch?v=5hqLYeIbAC8
Fear,https://www.youtube.com/watch?v=yyx9qitbvw4
Fear,https://www.youtube.com/watch?v=n3s_SRB0Tvo
Fear,https://www.youtube.com/watch?v=Gp4qaDNdcAU
Fear,https://www.youtube.com/watch?v=GJhScjOjoa8
Fear,https://www.youtube.com/watch?v=UJsZo-9AILw
Fear,https://www.youtube.com/watch?v=zdK1YCFKhhY
Fear,https://www.youtube.com/watch?v=tdjsnUSi0fE
Fear,https://www.youtube.com/watch?v=U17TzTsia8g
Fear,https://www.youtube.com/watch?v=V3nQx1eoeEM
Fear,https://www.youtube.com/watch?v=-3g5Pw2bk9A
Fear,https://www.youtube.com/watch?v=opoG170XbpQ
Fear,https://www.youtube.com/watch?v=YBly4yao-7M
Fear,https://www.youtube.com/watch?v=u4NsZ1UU5Vs
Fear,https://www.youtube.com/watch?v=4Vf199PZ2RA
Fear,https://www.youtube.com/watch?v=nGE_pmlL1Oo
Fear,https://www.youtube.com/watch?v=pv5kyvJSq3g
Fear,https://www.youtube.com/watch?v=5lAIhvloYVo
Fear,https://www.youtube.com/watch?v=7-drQDI5XIY
Fear,https://www.youtube.com/watch?v=mckCqLzFO7Y
Fear,https://www.youtube.com/watch?v=_oz6zWmjQuw
Fear,https://www.youtube.com/watch?v=Ss_oW71By00
Fear,https://www.youtube.com/watch?v=qkHkX6Q0qMM
Fear,https://www.youtube.com/watch?v=O0EXp6UQpy8
Fear,https://www.youtube.com/watch?v=AxDwTwuUgQg
Fear,https://www.youtube.com/watch?v=BvoHYo92HEw
Fear,https://www.youtube.com/watch?v=DjsTYNi1X5I
Neutral,https://www.youtube.com/watch?v=RIriENOmOpo
Neutral,https://www.youtube.com/watch?v=TIOZUdc0aL8
Neutral,https://www.youtube.com/watch?v=fdEzDqiSC3U
Neutral,https://www.youtube.com/watch?v=6JGGFYIcrLY
Neutral,https://www.youtube.com/watch?v=ZwGPx75hVLk
Neutral,https://www.youtube.com/watch?v=TvNAnuBh5Nw
Neutral,https://www.youtube.com/watch?v=5J-8vmMVKjs
Neutral,https://www.youtube.com/watch?v=cULVDmIDIzI
Neutral,https://www.youtube.com/watch?v=VQ2-HPwxAZY
Neutral,https://www.youtube.com/watch?v=qFYj1w69OZA
Neutral,https://www.youtube.com/watch?v=dAUHa5K38t4
Neutral,https://www.youtube.com/watch?v=-twi5MBq1TQ
Neutral,https://www.youtube.com/watch?v=jGugscZJxis
Neutral,https://www.youtube.com/watch?v=lewVFlngGCk
Neutral,https://www.youtube.com/watch?v=HcNfL0Lf6vQ
Neutral,https://www.youtube.com/watch?v=JXIiQFSj8Yg
Neutral,https://www.youtube.com/watch?v=91EzD9VgwGk
Neutral,https://www.youtube.com/watch?v=cChZEYVRvIE
Neutral,https://www.youtube.com/watch?v=zl1CsDDmN6s
Neutral,https://www.youtube.com/watch?v=IW9i3bJ8bkU
Neutral,https://www.youtube.com/watch?v=803l9Wz_XFY
Neutral,https://www.youtube.com/watch?v=F3Td3_c96vo
Neutral,https://www.youtube.com/watch?v=yBBu8rVB0DQ
Neutral,https://www.youtube.com/watch?v=e4N9al7vhVQ
Neutral,https://www.youtube.com/watch?v=KMocA8G_puU
Neutral,https://www.youtube.com/watch?v=k22zWP3p42Y
Neutral,https://www.youtube.com/watch?v=DDb7OILQMMA
Neutral,https://www.youtube.com/watch?v=7VY191_NiHA
Neutral,https://www.youtube.com/watch?v=wlWtJrCscyE
Neutral,https://www.youtube.com/watch?v=ex3qqcsO1mk
Neutral,https://www.youtube.com/watch?v=VffosKXVZoY
Neutral,https://www.youtube.com/watch?v=-6uqH-0TiDk
Neutral,https://www.youtube.com/watch?v=7dhKeHT2Bdk
Neutral,https://www.youtube.com/watch?v=291X-45t83A
Neutral,https://www.youtube.com/watch?v=4SIsUWIIFMo
Neutral,https://www.youtube.com/watch?v=ANrTbPl6-Ew
Neutral,https://www.youtube.com/watch?v=QCTtc36u-Kk
Neutral,https://www.youtube.com/watch?v=XJelQ8FUZ0o
Neutral,https://www.youtube.com/watch?v=2N_scTuXjbc
Neutral,https://www.youtube.com/watch?v=3M377ycIwDA
Neutral,https://www.youtube.com/watch?v=lwz5bMN8jX8
Neutral,https://www.youtube.com/watch?v=sNKD014uRj0
Neutral,https://www.youtube.com/watch?v=XqxruZnyHKM
Neutral,https://www.youtube.com/watch?v=NFbmkNCV4K4
Neutral,https://www.youtube.com/watch?v=1d1LOyBesMA
Neutral,https://www.youtube.com/watch?v=H47mzxzTDuI
Neutral,https://www.youtube.com/watch?v=-Z9jQn442Ts
Neutral,https://www.youtube.com/watch?v=gmLekIa4J5E
Neutral,https://www.youtube.com/watch?v=EYFc6IKnZ-Y
Neutral,https://www.youtube.com/watch?v=g77Yt9JIul0
Neutral,https://www.youtube.com/watch?v=2HSIhUEp0G8
Neutral,https://www.youtube.com/watch?v=HuFPFbErlYs
Neutral,https://www.youtube.com/watch?v=7UG_DjiD-e8
Neutral,https://www.youtube.com/watch?v=vR5fYsnSoG0
Neutral,https://www.youtube.com/watch?v=YdqO4MhIH9M
Neutral,https://www.youtube.com/watch?v=atBwzD_m_6E
Neutral,https://www.youtube.com/watch?v=WL8sboG-6tg
Neutral,https://www.youtube.com/watch?v=xzUeWZmV8P4
Neutral,https://www.youtube.com/watch?v=DcdAnDTtmHk
Neutral,https://www.youtube.com/watch?v=0Olv8zM_rps
Neutral,https://www.youtube.com/watch?v=dUPXRnyvLtE
Neutral,https://www.youtube.com/watch?v=Llw7cXHmDDo
Neutral,https://www.youtube.com/watch?v=PTAScUlG7ZA
Neutral,https://www.youtube.com/watch?v=3lI0V5g_bZ4
Neutral,https://www.youtube.com/watch?v=pmC2aVle85A
Neutral,https://www.youtube.com/watch?v=lM28Mt4PhyA
Neutral,https://www.youtube.com/watch?v=8qhpfB7qWtM
Neutral,https://www.youtube.com/watch?v=Y7sVX52309U
Neutral,https://www.youtube.com/watch?v=JN4tw2MMz50
Neutral,https://www.youtube.com/watch?v=yTMranLmKHc
Neutral,https://www.youtube.com/watch?v=Jfvfh2aPyno
Neutral,https://www.youtube.com/watch?v=A9XHJ00yLrM
Neutral,https://www.youtube.com/watch?v=WtiUfL64FTo
Neutral,https://www.youtube.com/watch?v=qkwr0t_z3jU
Neutral,https://www.youtube.com/watch?v=hpdLYL5MXSU
Neutral,https://www.youtube.com/watch?v=rC0YWZ0lly8
Neutral,https://www.youtube.com/watch?v=t8UkfCF5reU
Neutral,https://www.youtube.com/watch?v=FRTUZZ-djxQ
Neutral,https://www.youtube.com/watch?v=MpkWTwtfA6E
Neutral,https://www.youtube.com/watch?v=kVorLxDOhog
Neutral,https://www.youtube.com/watch?v=hgpNla8AkIQ
Neutral,https://www.youtube.com/watch?v=U5ZmG4ZD-Vo
Neutral,https://www.youtube.com/watch?v=tpvNtKjlf5E
Neutral,https://www.youtube.com/watch?v=vb3rQ9VDRKc
Neutral,https://www.youtube.com/watch?v=l3R9ao3W03E
Neutral,https://www.youtube.com/watch?v=X5q-8QSh_YU
Neutral,https://www.youtube.com/watch?v=qTE453yc1rc
Neutral,https://www.youtube.com/watch?v=C5cSb4rDNfg
Neutral,https://www.youtube.com/watch?v=NPnxw00z63I
Neutral,https://www.youtube.com/watch?v=cFzAw52wR2E
Neutral,https://www.youtube.com/watch?v=1FMDlWOu-AI
Neutral,https://www.youtube.com/watch?v=cjoz0FZ-wWs
Neutral,https://www.youtube.com/watch?v=h2JH0vqDcYc
Neutral,https://www.youtube.com/watch?v=XD1cW3z5epg
Neutral,https://www.youtube.com/watch?v=-GydnFPTgus
Neutral,https://www.youtube.com/watch?v=A56mZxSXKn8
Neutral,https://www.youtube.com/watch?v=fFWL-UrjOkU
Neutral,https://www.youtube.com/watch?v=ElpQ4sjJjbY
Neutral,https://www.youtube.com/watch?v=GrzZ2qSayfY
Neutral,https://www.youtube.com/watch?v=-t5b7MrWENk
Neutral,https://www.youtube.com/watch?v=hHih9UOh_bs
Neutral,https://www.youtube.com/watch?v=L67njBCJvZY
Neutral,https://www.youtube.com/watch?v=eXUeH6kLCQQ
Neutral,https://www.youtube.com/watch?v=jUmaN1q599I
Neutral,https://www.youtube.com/watch?v=dxSDZJHfwiw
Neutral,https://www.youtube.com/watch?v=OuGaf7z_UcQ
Neutral,https://www.youtube.com/watch?v=-6PKH3M-xPU
Neutral,https://www.youtube.com/watch?v=UWOkoxNks4g
Neutral,https://www.youtube.com/watch?v=mMvmAwnMBDk
Neutral,https://www.youtube.com/watch?v=PKzA-BRCTQ0
Neutral,https://www.youtube.com/watch?v=3klmxiU4E1k
Neutral,https://www.youtube.com/watch?v=AEr7NcU8cHw
Neutral,https://www.youtube.com/watch?v=R7w5_6u3Nys
Neutral,https://www.youtube.com/watch?v=Tj9dYSQQDmg
Neutral,https://www.youtube.com/watch?v=MFX1wENYymA
Neutral,https://www.youtube.com/watch?v=-7DEJVJG0pc
Neutral,https://www.youtube.com/watch?v=J2Bt3sE8Gmo
Neutral,https://www.youtube.com/watch?v=S74cV_L5u54
Neutral,https://www.youtube.com/watch?v=GA82PqcT0kw
Neutral,https://www.youtube.com/watch?v=Kg7YUgxAvdY
Neutral,https://www.youtube.com/watch?v=DT3VrvQUS3M
Neutral,https://www.youtube.com/watch?v=9q2aLB98gSk
Neutral,https://www.youtube.com/watch?v=C-5VT5JxuEQ
Neutral,https://www.youtube.com/watch?v=8nmoFz_3qrk
Neutral,https://www.youtube.com/watch?v=yEBee5d_S8U
Neutral,https://www.youtube.com/watch?v=0jG4aZRwsiI
Neutral,https://www.youtube.com/watch?v=fN3ZNPpVznA
Neutral,https://www.youtube.com/watch?v=tApbejtfzYA
Neutral,https://www.youtube.com/watch?v=u6Jp7pPi5fg
Neutral,https://www.youtube.com/watch?v=TBX-PJyifts
Neutral,https://www.youtube.com/watch?v=8uKIH7AnVfg
Neutral,https://www.youtube.com/watch?v=QlFwVjhllzQ
Neutral,https://www.youtube.com/watch?v=4Xw5VFgAAB0
Neutral,https://www.youtube.com/watch?v=2qZKhLraNzo
Neutral,https://www.youtube.com/watch?v=qvTtvP5Neqg
Neutral,https://www.youtube.com/watch?v=V7KoN5_4wQA
Neutral,https://www.youtube.com/watch?v=eKLi8n6ooLc
Neutral,https://www.youtube.com/watch?v=S2OAdkSZWpg
Neutral,https://www.youtube.com/watch?v=M1mFkTW7aP0
Neutral,https://www.youtube.com/watch?v=x7N3UJHatg0
Neutral,https://www.youtube.com/watch?v=tNdlz0LmVTk
Neutral,https://www.youtube.com/watch?v=5eSDH9leFck
Neutral,https://www.youtube.com/watch?v=pt5UvBQu0sA
Neutral,https://www.youtube.com/watch?v=7ZHC2jgEc1M
Neutral,https://www.youtube.com/watch?v=MZgiX6of04g
Neutral,https://www.youtube.com/watch?v=mJPEf7vWb6Q
Neutral,https://www.youtube.com/watch?v=BQ3dsdeSpag
Neutral,https://www.youtube.com/watch?v=JJr9s7GNwg0
Neutral,https://www.youtube.com/watch?v=CcPXolTwGoI
Neutral,https://www.youtube.com/watch?v=i_cKDAFG0Mo
Neutral,https://www.youtube.com/watch?v=R_br9jiFIug
Neutral,https://www.youtube.com/watch?v=32Tk8R_7dus
Neutral,https://www.youtube.com/watch?v=M6fGsr45BQE
Neutral,https://www.youtube.com/watch?v=FJDfG7EzBeE
Neutral,https://www.youtube.com/watch?v=bHsUCxv0GYY
Neutral,https://www.youtube.com/watch?v=JTfH1DAvrSg
Neutral,https://www.youtube.com/watch?v=hHadv9dMVJY
Neutral,https://www.youtube.com/watch?v=Jdg13nO-3uI
Neutral,https://www.youtube.com/watch?v=IyRwm7OCRPM
Neutral,https://www.youtube.com/watch?v=zXOWI6YTlEg
Neutral,https://www.youtube.com/watch?v=7Q-Qu1J-3qQ
Neutral,https://www.youtube.com/watch?v=WtPa10H2zm8
Neutral,https://www.youtube.com/watch?v=SVR1CRS0nvg
Neutral,https://www.youtube.com/watch?v=2kuIj47GzDI
Neutral,https://www.youtube.com/watch?v=0AxW73jYkyg
Neutral,https://www.youtube.com/watch?v=iyOR_SziS70
Neutral,https://www.youtube.com/watch?v=3-J0nMYAGlA
Neutral,https://www.youtube.com/watch?v=fKCl0XfMZzM
Neutral,https://www.youtube.com/watch?v=Xpl8RRT8_Y0
Neutral,https://www.youtube.com/watch?v=sKw8_6BbB-g
Neutral,https://www.youtube.com/watch?v=Q2FmcN8zhFA
Neutral,https://www.youtube.com/watch?v=V4xnse9WjbI
Neutral,https://www.youtube.com/watch?v=g0MRnE3Jz8U
Neutral,https://www.youtube.com/watch?v=S9-k5ARrhbo
Neutral,https://www.youtube.com/watch?v=QEUg-zYTPVk
Neutral,https://www.youtube.com/watch?v=rDaT9ykpFU0
Neutral,https://www.youtube.com/watch?v=1Z1j_Nd0P_g
Neutral,https://www.youtube.com/watch?v=EO3JWdSL1mk
Neutral,https://www.youtube.com/watch?v=DYcBV9OoAag
Neutral,https://www.youtube.com/watch?v=fm9j1Fa-pe8
Neutral,https://www.youtube.com/watch?v=yzb41I5Pihk
Neutral,https://www.youtube.com/watch?v=QlEvCxEnDTY
Neutral,https://www.youtube.com/watch?v=IXJvlLm5jaM
Neutral,https://www.youtube.com/watch?v=Y-YIH5sQCJc
Neutral,https://www.youtube.com/watch?v=7l8SpJn3h38
Neutral,https://www.youtube.com/watch?v=FQLacN03Mlw
Neutral,https://www.youtube.com/watch?v=1Vc0VG7uq-k
Neutral,https://www.youtube.com/watch?v=uZABMzuN4wU
Neutral,https://www.youtube.com/watch?v=cqwc0_C_Yt0
Neutral,https://www.youtube.com/watch?v=LP1hdNcbmq0
Neutral,https://www.youtube.com/watch?v=0fS9yi_h5bc
Neutral,https://www.youtube.com/watch?v=7AEmCTjqrD4
Neutral,https://www.youtube.com/watch?v=2cCL6loTIWs
Neutral,https://www.youtube.com/watch?v=DqsG_n8qF0w
Neutral,https://www.youtube.com/watch?v=ODyS1zVHtb8
Neutral,https://www.youtube.com/watch?v=cqvBz4KgD8c
Neutral,https://www.youtube.com/watch?v=Zan1Wd0vPL0
Neutral,https://www.youtube.com/watch?v=kolHzgSlKis
Neutral,https://www.youtube.com/watch?v=-2KmB4rqLfs
Neutral,https://www.youtube.com/watch?v=kwaPZrvwjs4
Neutral,https://www.youtube.com/watch?v=vt-a9VtRojU
Neutral,https://www.youtube.com/watch?v=6dP2EtCYxlA
Neutral,https://www.youtube.com/watch?v=QXr4udrkafU
Neutral,https://www.youtube.com/watch?v=J0R4OVtTYFw
Neutral,https://www.youtube.com/watch?v=INGpOTKFLPk
Neutral,https://www.youtube.com/watch?v=jmnl7sHzt9s
Neutral,https://www.youtube.com/watch?v=Qf0xHSB656w
Neutral,https://www.youtube.com/watch?v=qKqW7NydrWo
Neutral,https://www.youtube.com/watch?v=p5igAXXZM_U
Neutral,https://www.youtube.com/watch?v=StWuojUG6bI
Neutral,https://www.youtube.com/watch?v=uK5LolHVZ0w
Neutral,https://www.youtube.com/watch?v=SrLdOjUk6CU
Neutral,https://www.youtube.com/watch?v=PSADIa5giPs
Neutral,https://www.youtube.com/watch?v=UmTBfr9Ov50
Neutral,https://www.youtube.com/watch?v=s_TcKzSmvkA
Neutral,https://www.youtube.com/watch?v=-1NE-JKxpD0
Neutral,https://www.youtube.com/watch?v=u7gsvOyNWQE
Neutral,https://www.youtube.com/watch?v=1a07A-yXzHM
Neutral,https://www.youtube.com/watch?v=kSeTH64Cm4w
Neutral,https://www.youtube.com/watch?v=Mzx7rBUaTeY
Neutral,https://www.youtube.com/watch?v=DxKvJQjwVrE
Neutral,https://www.youtube.com/watch?v=WDjIpZj-6Ko
Neutral,https://www.youtube.com/watch?v=ODRzVQM2bLs
Neutral,https://www.youtube.com/watch?v=nRvursApoPw
Neutral,https://www.youtube.com/watch?v=3k4AWy76SFc
Neutral,https://www.youtube.com/watch?v=StCEOxseXQI
Neutral,https://www.youtube.com/watch?v=W6LYQFmXwlY
Neutral,https://www.youtube.com/watch?v=QHWulq5vA48
Neutral,https://www.youtube.com/watch?v=Yhiu4I4hWDs
Neutral,https://www.youtube.com/watch?v=oSuSK-FwyF8
Neutral,https://www.youtube.com/watch?v=Nlmxl6jCls0
Neutral,https://www.youtube.com/watch?v=1J-suRA6Yeg
Neutral,https://www.youtube.com/watch?v=zxQFIJSVuu8
Neutral,https://www.youtube.com/watch?v=n76JxXznubs
Neutral,https://www.youtube.com/watch?v=fdY9-weP__E
Neutral,https://www.youtube.com/watch?v=qfviZp7lrGs
Neutral,https://www.youtube.com/watch?v=Jq6EWZ-tvbk
Neutral,https://www.youtube.com/watch?v=kxQUoJ3IZdE
Neutral,https://www.youtube.com/watch?v=g3-AmObMJCM
Neutral,https://www.youtube.com/watch?v=fK3t-r8lrQQ
Neutral,https://www.youtube.com/watch?v=u2kzLinrpFM
Neutral,https://www.youtube.com/watch?v=6SePc9hkyI0
Neutral,https://www.youtube.com/watch?v=BWIZOuN-jgU
Neutral,https://www.youtube.com/watch?v=Nto8Fi7kq64
Neutral,https://www.youtube.com/watch?v=pWPHlppi2i4
Neutral,https://www.youtube.com/watch?v=LTBSqj1d5jM
Neutral,https://www.youtube.com/watch?v=DdGDdTXK1Q8
Neutral,https://www.youtube.com/watch?v=vY4bjARpqk0
Neutral,https://www.youtube.com/watch?v=uJOw3rxxGDo
Neutral,https://www.youtube.com/watch?v=vbNkuBkyDxs
Neutral,https://www.youtube.com/watch?v=ur8sUhrmSxs
Neutral,https://www.youtube.com/watch?v=0cSZj2Iew5c
Neutral,https://www.youtube.com/watch?v=XOlYrizLnAY
Neutral,https://www.youtube.com/watch?v=YNwP6t_-fbM
Neutral,https://www.youtube.com/watch?v=tk00KjHp3Zs
Neutral,https://www.youtube.com/watch?v=43OEoV-HUz4
Neutral,https://www.youtube.com/watch?v=_sgC71Qr2Hs
Neutral,https://www.youtube.com/watch?v=fA79yUxK-Hc
Neutral,https://www.youtube.com/watch?v=z1nQ3v3E6XU
Neutral,https://www.youtube.com/watch?v=Pdxy5PjMlQs
Neutral,https://www.youtube.com/watch?v=yBv7MttjSYo
Neutral,https://www.youtube.com/watch?v=26scvKravjk
Neutral,https://www.youtube.com/watch?v=FZj0TsC1pUg
Neutral,https://www.youtube.com/watch?v=tG-iBgWo8LE
Neutral,https://www.youtube.com/watch?v=S8TryYkGqSk
Neutral,https://www.youtube.com/watch?v=na7vOmR6u4c
Neutral,https://www.youtube.com/watch?v=iUD41BNYQiw
Neutral,https://www.youtube.com/watch?v=QS6eE9YxaZw
Neutral,https://www.youtube.com/watch?v=nj8uEVyndDs
Neutral,https://www.youtube.com/watch?v=RATPH-gapPA
Neutral,https://www.youtube.com/watch?v=9C42f5CU5I0
Neutral,https://www.youtube.com/watch?v=1fZvkE4cMk0
Neutral,https://www.youtube.com/watch?v=zxQFIJSVuu8
Neutral,https://www.youtube.com/watch?v=ZTLNWtrSZxE
Neutral,https://www.youtube.com/watch?v=F1rXvqAsWPE
Neutral,https://www.youtube.com/watch?v=b6XTL5y4fts
Neutral,https://www.youtube.com/watch?v=JB7PpAeAHtI
Neutral,https://www.youtube.com/watch?v=MNTzfqsSIVM
Neutral,https://www.youtube.com/watch?v=sETIzbkAY1o
Neutral,https://www.youtube.com/watch?v=XhMS7adgRxI
Neutral,https://www.youtube.com/watch?v=JOCNOq_cpbU
Neutral,https://www.youtube.com/watch?v=BWIZOuN-jgU
Neutral,https://www.youtube.com/watch?v=2s1AbwZiJBY
Neutral,https://www.youtube.com/watch?v=WjrBEbgfyoE
Neutral,https://www.youtube.com/watch?v=dIu9zLO1j5A
Neutral,https://www.youtube.com/watch?v=4YDnVVsHGZ4
Neutral,https://www.youtube.com/watch?v=X-37Hz673RE
Neutral,https://www.youtube.com/watch?v=u7gsvOyNWQE
Neutral,https://www.youtube.com/watch?v=n76JxXznubs
Neutral,https://www.youtube.com/watch?v=QE24OsHSK44
Neutral,https://www.youtube.com/watch?v=dww4T9CD5XA
Neutral,https://www.youtube.com/watch?v=0gvmvn3gVMo
Neutral,https://www.youtube.com/watch?v=hYYi0PuvFak
Neutral,https://www.youtube.com/watch?v=g-VGaMh_cBM
Neutral,https://www.youtube.com/watch?v=Rf_H9wO4GlA
Neutral,https://www.youtube.com/watch?v=eGrT0LvcELs
Neutral,https://www.youtube.com/watch?v=ClwXKrJxTGg
Neutral,https://www.youtube.com/watch?v=OvZCdmjzz7E
Neutral,https://www.youtube.com/watch?v=5l6xdCAUAIs
Neutral,https://www.youtube.com/watch?v=py3gxhXN5FY
Neutral,https://www.youtube.com/watch?v=-1NE-JKxpD0
Neutral,https://www.youtube.com/watch?v=GUqw6SFoXh8
Neutral,https://www.youtube.com/watch?v=nRvursApoPw
Neutral,https://www.youtube.com/watch?v=buA38tRSsTQ
Neutral,https://www.youtube.com/watch?v=q3w0B4Vei0s
Neutral,https://www.youtube.com/watch?v=YgAC49MSSZ0
Neutral,https://www.youtube.com/watch?v=-lbQ2FNzdzY
Neutral,https://www.youtube.com/watch?v=xrbLI2OpCD4
Neutral,https://www.youtube.com/watch?v=DYlLciCmi3E
Neutral,https://www.youtube.com/watch?v=DVtZvdiUYYE
Neutral,https://www.youtube.com/watch?v=rI7yU2fQCZM
Neutral,https://www.youtube.com/watch?v=a7csUVVF1Qs
Neutral,https://www.youtube.com/watch?v=RATPH-gapPA
Neutral,https://www.youtube.com/watch?v=vRRsqHWLPp8
Neutral,https://www.youtube.com/watch?v=S8TryYkGqSk
Neutral,https://www.youtube.com/watch?v=OaH5iQwR_6Q
Neutral,https://www.youtube.com/watch?v=tmP3G4FXpLY
Neutral,https://www.youtube.com/watch?v=4QVG3QWH0kg
Neutral,https://www.youtube.com/watch?v=a7csUVVF1Qs
Neutral,https://www.youtube.com/watch?v=4Rt2iWpuvZ4
Neutral,https://www.youtube.com/watch?v=M1z8pbfRVHk
Neutral,https://www.youtube.com/watch?v=ysGT6-GIayg
Neutral,https://www.youtube.com/watch?v=BZA3SS3Y-Uo
Neutral,https://www.youtube.com/watch?v=E3eRtYxEOJg
Neutral,https://www.youtube.com/watch?v=1J-suRA6Yeg
Neutral,https://www.youtube.com/watch?v=B64BuZftO0o
Neutral,https://www.youtube.com/watch?v=ur8sUhrmSxs
Neutral,https://www.youtube.com/watch?v=Nto8Fi7kq64
Neutral,https://www.youtube.com/watch?v=AJ7DiWsxdHk
Neutral,https://www.youtube.com/watch?v=B90yFb7OQ2U
Neutral,https://www.youtube.com/watch?v=V9ztGkS-bPU
Neutral,https://www.youtube.com/watch?v=aMYL8_ekYRo
Neutral,https://www.youtube.com/watch?v=h7telXLvM3I
Neutral,https://www.youtube.com/watch?v=B90yFb7OQ2U
Neutral,https://www.youtube.com/watch?v=AJ7DiWsxdHk
Neutral,https://www.youtube.com/watch?v=JNqF1_JfpnM
Neutral,https://www.youtube.com/watch?v=fNlPe16EL3w
Neutral,https://www.youtube.com/watch?v=HQMvc0v3ti8
Neutral,https://www.youtube.com/watch?v=9RfsDY13hCM
Neutral,https://www.youtube.com/watch?v=NCy0gaQKfuk
Neutral,https://www.youtube.com/watch?v=w2FVi1soSeQ
Neutral,https://www.youtube.com/watch?v=ucwmeVvL8yI
Neutral,https://www.youtube.com/watch?v=r3dJ45lLmJ4
Neutral,https://www.youtube.com/watch?v=mW5aiC3-T7g
Neutral,https://www.youtube.com/watch?v=bZB28fICp5M
Neutral,https://www.youtube.com/watch?v=nk5tW-eSJuc
Neutral,https://www.youtube.com/watch?v=tqCltvNfe2o
Neutral,https://www.youtube.com/watch?v=sCSHBfz1D58
Neutral,https://www.youtube.com/watch?v=nk5tW-eSJuc
Neutral,https://www.youtube.com/watch?v=TuFuHOn7D4I
Neutral,https://www.youtube.com/watch?v=JOnkVkOFfGU
Neutral,https://www.youtube.com/watch?v=O3GAqcHSD4Y
Neutral,https://www.youtube.com/watch?v=5WpiLvpXeY8
Neutral,https://www.youtube.com/watch?v=mm3IJhY6cHE
Neutral,https://www.youtube.com/watch?v=ngLC9vtovUM
Neutral,https://www.youtube.com/watch?v=GRn2H-F1F8k
Neutral,https://www.youtube.com/watch?v=OO8sAXtfYJY
Neutral,https://www.youtube.com/watch?v=vrrMO4Wzhro
Neutral,https://www.youtube.com/watch?v=UYRD0PBQObE
Neutral,https://www.youtube.com/watch?v=IdBTpQ1DLhI
Neutral,https://www.youtube.com/watch?v=lj0aiwnh7dA
Neutral,https://www.youtube.com/watch?v=r0gianzwy7w
Neutral,https://www.youtube.com/watch?v=zmm3bxr_k10
Neutral,https://www.youtube.com/watch?v=U87xYtQz08c
Neutral,https://www.youtube.com/watch?v=PxsCtKJk2vY
Neutral,https://www.youtube.com/watch?v=PSd0c5cc4BI
Neutral,https://www.youtube.com/watch?v=XWgunM0gCLk
Neutral,https://www.youtube.com/watch?v=iNINijDtB_M
Neutral,https://www.youtube.com/watch?v=t7n1D66jxIY
Neutral,https://www.youtube.com/watch?v=zQ3IB197fgY
Neutral,https://www.youtube.com/watch?v=Jyi2BQecAZU
